"SitemapURL","FinalURL","Status","Crawlable","Indexable","NoIndex","NoFollow","H1Count","Canonical","Title","Description","XRobotsTag"
"https://nomadlifexp.com","https://nomadlifexp.com","308","True","True","False","False","0","","","",""
"https://nomadlifexp.com/about","https://nomadlifexp.com/about","308","True","True","False","False","0","","","",""
"https://nomadlifexp.com/blog","https://nomadlifexp.com/blog","308","True","True","False","False","0","","","",""
"https://nomadlifexp.com/blog/category/discipline","https://nomadlifexp.com/blog/category/discipline","308","True","True","False","False","0","","","",""
"https://nomadlifexp.com/blog/category/fitness","https://nomadlifexp.com/blog/category/fitness","308","True","True","False","False","0","","","",""
"https://nomadlifexp.com/blog/category/mindset","https://nomadlifexp.com/blog/category/mindset","308","True","True","False","False","0","","","",""
"https://nomadlifexp.com/blog/category/yoga","https://nomadlifexp.com/blog/category/yoga","308","True","True","False","False","0","","","",""
"https://nomadlifexp.com/blog/posts/build-workout-habit-outlast-motivation","https://nomadlifexp.com/blog/posts/build-workout-habit-outlast-motivation","308","True","True","False","False","0","","","",""
"https://nomadlifexp.com/blog/posts/consistency-myth-showing-up-beats-perfect","https://nomadlifexp.com/blog/posts/consistency-myth-showing-up-beats-perfect","308","True","True","False","False","0","","","",""
"https://nomadlifexp.com/blog/posts/discipline-creates-freedom","https://nomadlifexp.com/blog/posts/discipline-creates-freedom","308","True","True","False","False","0","","","",""
"https://nomadlifexp.com/blog/posts/fitness-is-not-about-time","https://nomadlifexp.com/blog/posts/fitness-is-not-about-time","308","True","True","False","False","0","","","",""
"https://nomadlifexp.com/blog/posts/forearm-stand-yoga-focus-confidence","https://nomadlifexp.com/blog/posts/forearm-stand-yoga-focus-confidence","308","True","True","False","False","0","","","",""
"https://nomadlifexp.com/blog/posts/forward-bending-yoga-stress-relief","https://nomadlifexp.com/blog/posts/forward-bending-yoga-stress-relief","308","True","True","False","False","0","","","",""
"https://nomadlifexp.com/blog/posts/headstand-benefits-body-mind-safety","https://nomadlifexp.com/blog/posts/headstand-benefits-body-mind-safety","308","True","True","False","False","0","","","",""
"https://nomadlifexp.com/blog/posts/how-to-build-self-discipline","https://nomadlifexp.com/blog/posts/how-to-build-self-discipline","308","True","True","False","False","0","","","",""
"https://nomadlifexp.com/blog/posts/indoor-rock-climbing-workout-strength-balance-mindset","https://nomadlifexp.com/blog/posts/indoor-rock-climbing-workout-strength-balance-mindset","308","True","True","False","False","0","","","",""
"https://nomadlifexp.com/blog/posts/mental-clarity-stop-overthinking-and-regain-focus","https://nomadlifexp.com/blog/posts/mental-clarity-stop-overthinking-and-regain-focus","308","True","True","False","False","0","","","",""
"https://nomadlifexp.com/blog/posts/passive-fitness-consumption-trap","https://nomadlifexp.com/blog/posts/passive-fitness-consumption-trap","308","True","True","False","False","0","","","",""
"https://nomadlifexp.com/blog/posts/rebuild-your-attention-span","https://nomadlifexp.com/blog/posts/rebuild-your-attention-span","308","True","True","False","False","0","","","",""
"https://nomadlifexp.com/blog/posts/rope-climbing-guide","https://nomadlifexp.com/blog/posts/rope-climbing-guide","308","True","True","False","False","0","","","",""
"https://nomadlifexp.com/blog/posts/self-discipline-comprehensive-guide","https://nomadlifexp.com/blog/posts/self-discipline-comprehensive-guide","308","True","True","False","False","0","","","",""
"https://nomadlifexp.com/blog/posts/why-you-cannot-focus-overload","https://nomadlifexp.com/blog/posts/why-you-cannot-focus-overload","308","True","True","False","False","0","","","",""
"https://nomadlifexp.com/blog/posts/why-you-procrastinate-how-to-stop","https://nomadlifexp.com/blog/posts/why-you-procrastinate-how-to-stop","308","True","True","False","False","0","","","",""
"https://nomadlifexp.com/blog/posts/you-are-not-stuck-in-life","https://nomadlifexp.com/blog/posts/you-are-not-stuck-in-life","308","True","True","False","False","0","","","",""
"https://nomadlifexp.com/connect","https://nomadlifexp.com/connect","308","True","True","False","False","0","","","",""
"https://nomadlifexp.com/discipline","https://nomadlifexp.com/discipline","308","True","True","False","False","0","","","",""
"https://nomadlifexp.com/discipline-system","https://nomadlifexp.com/discipline-system","308","True","True","False","False","0","","","",""
"https://nomadlifexp.com/fitness","https://nomadlifexp.com/fitness","308","True","True","False","False","0","","","",""
"https://nomadlifexp.com/knowledge-index","https://nomadlifexp.com/knowledge-index","308","True","True","False","False","0","","","",""
"https://nomadlifexp.com/mindset","https://nomadlifexp.com/mindset","308","True","True","False","False","0","","","",""
"https://nomadlifexp.com/recalibration","https://nomadlifexp.com/recalibration","308","True","True","False","False","0","","","",""
"https://nomadlifexp.com/start-here","https://nomadlifexp.com/start-here","308","True","True","False","False","0","","","",""
"https://nomadlifexp.com/yoga","https://nomadlifexp.com/yoga","308","True","True","False","False","0","","","",""
